[
  {
    "id": "396045e6-2532-43eb-9a07-d58792882e35",
    "data": [
      {
        "text": "哈囉",
        "userDefined": false
      }
    ],
    "isTemplate": false,
    "count": 0,
    "updated": 0
  },
  {
    "id": "38834e8a-5ea1-4a7f-8b8b-b653b859cb3b",
    "data": [
      {
        "text": "嗨",
        "userDefined": false
      }
    ],
    "isTemplate": false,
    "count": 0,
    "updated": 0
  },
  {
    "id": "33b99151-2445-41fe-81c6-b988d0f56353",
    "data": [
      {
        "text": "hello",
        "userDefined": false
      }
    ],
    "isTemplate": false,
    "count": 0,
    "updated": 0
  },
  {
    "id": "99f24205-d1c2-460d-92ec-de995a3b82c4",
    "data": [
      {
        "text": "嘿嘿",
        "userDefined": false
      }
    ],
    "isTemplate": false,
    "count": 0,
    "updated": 0
  },
  {
    "id": "a92b534c-8a67-43c0-9d11-7fae86fbacd7",
    "data": [
      {
        "text": "hi",
        "userDefined": false
      }
    ],
    "isTemplate": false,
    "count": 0,
    "updated": 0
  }
]