[
  {
    "id": "d206c749-7bd5-4499-b9b5-7d7d9479ae3a",
    "data": [
      {
        "text": "西子灣",
        "alias": "any",
        "meta": "@sys.any",
        "userDefined": true
      }
    ],
    "isTemplate": false,
    "count": 0,
    "updated": 0
  },
  {
    "id": "45be18b4-ac9f-400c-89dc-637ed61bb546",
    "data": [
      {
        "text": "我在",
        "userDefined": false
      },
      {
        "text": "西子灣",
        "alias": "any",
        "meta": "@sys.any",
        "userDefined": true
      }
    ],
    "isTemplate": false,
    "count": 0,
    "updated": 0
  },
  {
    "id": "e11c876c-68ae-4cd9-8fc8-ffb4418cb6aa",
    "data": [
      {
        "text": "我在",
        "userDefined": false
      },
      {
        "text": "美麗島站",
        "alias": "station-name",
        "meta": "@station-name",
        "userDefined": true
      }
    ],
    "isTemplate": false,
    "count": 0,
    "updated": 0
  }
]