[
  {
    "id": "8307bee9-9bc8-4d2d-8d45-b1135e0b6395",
    "data": [
      {
        "text": "美島島站",
        "alias": "stationname1",
        "meta": "@station-name",
        "userDefined": true
      },
      {
        "text": "導覽",
        "userDefined": false
      }
    ],
    "isTemplate": false,
    "count": 0,
    "updated": 0
  },
  {
    "id": "ff59e931-ef64-4702-8a05-51350b56a2c0",
    "data": [
      {
        "text": "美麗島站",
        "alias": "stationname1",
        "meta": "@station-name",
        "userDefined": true
      },
      {
        "text": " 車站導覽",
        "userDefined": false
      }
    ],
    "isTemplate": false,
    "count": 0,
    "updated": 0
  }
]