[
  {
    "id": "1d7fb820-5ddb-47df-942b-f325de4dce48",
    "data": [
      {
        "text": "請問街頭藝人可以在",
        "userDefined": false
      },
      {
        "text": "高雄捷運",
        "alias": "station-name",
        "meta": "@station-name",
        "userDefined": true
      },
      {
        "text": "演出嗎",
        "userDefined": false
      }
    ],
    "isTemplate": false,
    "count": 0,
    "updated": 0
  },
  {
    "id": "1d99d782-4215-441f-a624-0de80710e5c7",
    "data": [
      {
        "text": "請問",
        "userDefined": false
      },
      {
        "text": "高雄捷運",
        "alias": "station-name",
        "meta": "@station-name",
        "userDefined": true
      },
      {
        "text": "有提供街頭藝人表演場地嗎",
        "userDefined": false
      }
    ],
    "isTemplate": false,
    "count": 0,
    "updated": 0
  }
]