[
  {
    "id": "2e7379fc-6f16-4d0a-9b2b-173e1392c07b",
    "data": [
      {
        "text": "可以喝",
        "userDefined": false
      },
      {
        "text": "水",
        "alias": "food",
        "meta": "@sys.any",
        "userDefined": true
      },
      {
        "text": "嗎",
        "userDefined": false
      }
    ],
    "isTemplate": false,
    "count": 0,
    "updated": 0
  },
  {
    "id": "7c826392-7c6b-4291-af6a-f90064f2b3ea",
    "data": [
      {
        "text": "請問可以在",
        "userDefined": false
      },
      {
        "text": "車",
        "alias": "station-name",
        "meta": "@station-name",
        "userDefined": true
      },
      {
        "text": "上喝",
        "userDefined": false
      },
      {
        "text": "水",
        "alias": "food",
        "meta": "@sys.any",
        "userDefined": true
      },
      {
        "text": "嗎",
        "userDefined": false
      }
    ],
    "isTemplate": false,
    "count": 0,
    "updated": 0
  },
  {
    "id": "71b3c52a-f359-46cf-813e-bc260754a472",
    "data": [
      {
        "text": "請問可以吃",
        "userDefined": false
      },
      {
        "text": "東西",
        "alias": "food",
        "meta": "@sys.any",
        "userDefined": true
      },
      {
        "text": "嗎",
        "userDefined": false
      }
    ],
    "isTemplate": false,
    "count": 0,
    "updated": 0
  }
]