[
  {
    "id": "ca6dd226-499b-4428-8693-b8d66f49deaf",
    "data": [
      {
        "text": "可以攜帶",
        "userDefined": false
      },
      {
        "text": "寵物",
        "alias": "animal",
        "meta": "@animal",
        "userDefined": false
      },
      {
        "text": "嗎",
        "userDefined": false
      }
    ],
    "isTemplate": false,
    "count": 0,
    "updated": 0
  },
  {
    "id": "b9fb7526-120e-48af-9e41-d171cf3179c6",
    "data": [
      {
        "text": "寵物",
        "alias": "animal",
        "meta": "@animal",
        "userDefined": false
      },
      {
        "text": "可以搭",
        "userDefined": false
      },
      {
        "text": "捷運",
        "alias": "station-name",
        "meta": "@station-name",
        "userDefined": false
      },
      {
        "text": "嗎",
        "userDefined": false
      }
    ],
    "isTemplate": false,
    "count": 0,
    "updated": 0
  },
  {
    "id": "d179e2d8-3aa7-48a0-8b3f-7dba5f6e87e2",
    "data": [
      {
        "text": "可以攜帶",
        "userDefined": false
      },
      {
        "text": "寵物",
        "alias": "animal",
        "meta": "@animal",
        "userDefined": true
      },
      {
        "text": "搭",
        "userDefined": false
      },
      {
        "text": "捷運",
        "alias": "station-name",
        "meta": "@station-name",
        "userDefined": true
      },
      {
        "text": "嗎?",
        "userDefined": false
      }
    ],
    "isTemplate": false,
    "count": 0,
    "updated": 0
  }
]