[
  {
    "id": "1a6855d2-51e5-441a-82fc-a1f60339db3a",
    "data": [
      {
        "text": "請問可以查",
        "userDefined": false
      },
      {
        "text": "火車",
        "alias": "transportation",
        "meta": "@transportation",
        "userDefined": false
      },
      {
        "text": "時",
        "userDefined": false
      },
      {
        "text": "刻",
        "meta": "@sys.ignore",
        "userDefined": false
      },
      {
        "text": "表嗎",
        "userDefined": false
      }
    ],
    "isTemplate": false,
    "count": 1,
    "updated": 0
  },
  {
    "id": "e569d2f9-9535-4a45-b210-9ec144566733",
    "data": [
      {
        "text": "請問捷運站可以買",
        "userDefined": false
      },
      {
        "text": "火車票",
        "alias": "transportation",
        "meta": "@transportation",
        "userDefined": true
      },
      {
        "text": "嗎",
        "userDefined": false
      }
    ],
    "isTemplate": false,
    "count": 0,
    "updated": 0
  }
]