[
  {
    "id": "a1b30d31-f749-40d8-9a01-9e586b404c03",
    "data": [
      {
        "text": "請問",
        "userDefined": false
      },
      {
        "text": "捷運站",
        "alias": "station-name",
        "meta": "@station-name",
        "userDefined": true
      },
      {
        "text": "幾點營業",
        "userDefined": false
      }
    ],
    "isTemplate": false,
    "count": 0,
    "updated": 0
  },
  {
    "id": "4079c58a-5a72-4586-b6db-092038066daa",
    "data": [
      {
        "text": "請問",
        "userDefined": false
      },
      {
        "text": "捷運站",
        "alias": "station-name",
        "meta": "@station-name",
        "userDefined": true
      },
      {
        "text": "幾點開",
        "userDefined": false
      }
    ],
    "isTemplate": false,
    "count": 0,
    "updated": 0
  }
]