[
  {
    "id": "ba18feaa-b1ab-4c26-8719-07cf09b9359f",
    "data": [
      {
        "text": "三多",
        "alias": "station_name",
        "meta": "@station-name",
        "userDefined": true
      }
    ],
    "isTemplate": false,
    "count": 0,
    "updated": 0
  },
  {
    "id": "863daf43-49bc-48c3-b99e-345fdcb9d093",
    "data": [
      {
        "text": "我在",
        "userDefined": false
      },
      {
        "text": "三多",
        "alias": "station_name",
        "meta": "@station-name",
        "userDefined": true
      },
      {
        "text": "站",
        "userDefined": false
      }
    ],
    "isTemplate": false,
    "count": 0,
    "updated": 0
  },
  {
    "id": "b1a43d47-563d-4ed3-a0ef-892da4b2633e",
    "data": [
      {
        "text": "三多",
        "alias": "station_name",
        "meta": "@station-name",
        "userDefined": true
      },
      {
        "text": "站",
        "userDefined": false
      }
    ],
    "isTemplate": false,
    "count": 0,
    "updated": 0
  }
]