[
  {
    "id": "40d60601-a2ec-48d4-8461-50e9439438fd",
    "data": [
      {
        "text": "請問",
        "userDefined": false
      },
      {
        "text": "車站",
        "alias": "station_name",
        "meta": "@station-name",
        "userDefined": false
      },
      {
        "text": "第一",
        "meta": "@sys.ignore",
        "userDefined": false
      },
      {
        "text": "班",
        "userDefined": false
      },
      {
        "text": "車",
        "meta": "@sys.ignore",
        "userDefined": false
      }
    ],
    "isTemplate": false,
    "count": 0,
    "updated": 0
  },
  {
    "id": "d450ad49-5e2a-47f7-aa09-360542cbf17a",
    "data": [
      {
        "text": "請問",
        "userDefined": false
      },
      {
        "text": "車站",
        "alias": "station_name",
        "meta": "@station-name",
        "userDefined": false
      },
      {
        "text": "第一",
        "meta": "@sys.ignore",
        "userDefined": false
      },
      {
        "text": "班",
        "userDefined": false
      },
      {
        "text": "車",
        "meta": "@sys.ignore",
        "userDefined": false
      },
      {
        "text": "是幾點",
        "userDefined": false
      }
    ],
    "isTemplate": false,
    "count": 0,
    "updated": 0
  },
  {
    "id": "461eb001-557f-46e4-b0b2-c09e200c537f",
    "data": [
      {
        "text": "車站",
        "alias": "station_name",
        "meta": "@station-name",
        "userDefined": true
      },
      {
        "text": "去",
        "userDefined": false
      },
      {
        "text": "機場",
        "alias": "station_name_2",
        "meta": "@station-name",
        "userDefined": true
      },
      {
        "text": "第一班車是幾點",
        "userDefined": false
      }
    ],
    "isTemplate": false,
    "count": 0,
    "updated": 0
  },
  {
    "id": "72bfe1d8-1a06-457f-bfd7-72d8975afd16",
    "data": [
      {
        "text": "去",
        "userDefined": false
      },
      {
        "text": "機場",
        "alias": "station_name_2",
        "meta": "@station-name",
        "userDefined": true
      },
      {
        "text": "第一",
        "meta": "@sys.ignore",
        "userDefined": false
      },
      {
        "text": "班車是幾點",
        "userDefined": false
      }
    ],
    "isTemplate": false,
    "count": 0,
    "updated": 0
  },
  {
    "id": "f23d8dcd-ac53-4cd1-aa68-bd62721336d7",
    "data": [
      {
        "text": "請問第一班車是幾點",
        "userDefined": false
      }
    ],
    "isTemplate": false,
    "count": 0,
    "updated": 0
  }
]