[
  {
    "id": "ef9bd088-1ad7-49e3-b79b-029ee49b46c5",
    "data": [
      {
        "text": "美麗島站",
        "alias": "station-name",
        "meta": "@station-name",
        "userDefined": true
      }
    ],
    "isTemplate": false,
    "count": 0,
    "updated": 0
  },
  {
    "id": "5c6e2dec-62e0-4ced-ac50-c50d18a0c64e",
    "data": [
      {
        "text": "小港",
        "alias": "station-name",
        "meta": "@station-name",
        "userDefined": true
      },
      {
        "text": "站",
        "userDefined": false
      }
    ],
    "isTemplate": false,
    "count": 2,
    "updated": 0
  },
  {
    "id": "e022b5c6-bf4f-4b65-9c75-e34bf9719b6a",
    "data": [
      {
        "text": "測試測試",
        "userDefined": false
      }
    ],
    "isTemplate": false,
    "count": 1,
    "updated": 0
  }
]