[
  {
    "id": "56026eb6-e22f-42e8-ba1f-c06507c67575",
    "data": [
      {
        "text": "請問",
        "userDefined": false
      },
      {
        "text": "捷運",
        "meta": "@sys.ignore",
        "userDefined": false
      },
      {
        "text": "的",
        "userDefined": false
      },
      {
        "text": "車",
        "meta": "@sys.ignore",
        "userDefined": false
      },
      {
        "text": "箱",
        "userDefined": false
      },
      {
        "text": "大小",
        "alias": "size",
        "meta": "@size",
        "userDefined": true
      }
    ],
    "isTemplate": false,
    "count": 0,
    "updated": 0
  }
]