[
  {
    "value": "三多商圈",
    "synonyms": [
      "三多",
      "三多商圈",
      "三多站"
    ]
  },
  {
    "value": "世運",
    "synonyms": [
      "世運"
    ]
  },
  {
    "value": "中央公園",
    "synonyms": [
      "中央公園",
      "中央站"
    ]
  },
  {
    "value": "凱旋",
    "synonyms": [
      "凱旋"
    ]
  },
  {
    "value": "凹子底",
    "synonyms": [
      "凹子底",
      "凹子站"
    ]
  },
  {
    "value": "前鎮",
    "synonyms": [
      "前鎮"
    ]
  },
  {
    "value": "小港",
    "synonyms": [
      "R3",
      "小港",
      "小港站"
    ]
  },
  {
    "value": "岡山",
    "synonyms": [
      "岡山",
      "岡山站"
    ]
  },
  {
    "value": "左營",
    "synonyms": [
      "左營",
      "新左營站"
    ]
  },
  {
    "value": "巨蛋",
    "synonyms": [
      "巨蛋"
    ]
  },
  {
    "value": "後勁",
    "synonyms": [
      "後勁",
      "後勁站"
    ]
  },
  {
    "value": "後驛",
    "synonyms": [
      "後驛"
    ]
  },
  {
    "value": "捷運",
    "synonyms": [
      "捷運",
      "車"
    ]
  },
  {
    "value": "楠梓加工區",
    "synonyms": [
      "楠梓加工區",
      "楠梓站"
    ]
  },
  {
    "value": "橋頭糖廠",
    "synonyms": [
      "橋頭糖廠",
      "糖廠站"
    ]
  },
  {
    "value": "油廠國小",
    "synonyms": [
      "油廠國小",
      "油廠站"
    ]
  },
  {
    "value": "獅甲",
    "synonyms": [
      "獅甲"
    ]
  },
  {
    "value": "生態園區",
    "synonyms": [
      "園區站",
      "生態園區"
    ]
  },
  {
    "value": "美麗島",
    "synonyms": [
      "美島站",
      "美麗島",
      "美麗島站"
    ]
  },
  {
    "value": "草衙",
    "synonyms": [
      "草衙"
    ]
  },
  {
    "value": "都會公園站",
    "synonyms": [
      "都會公園",
      "都會站"
    ]
  },
  {
    "value": "青埔站",
    "synonyms": [
      "青埔"
    ]
  },
  {
    "value": "高雄國際機場",
    "synonyms": [
      "國際機場站",
      "小港機場站",
      "捷運機場站",
      "機場"
    ]
  },
  {
    "value": "高雄車站",
    "synonyms": [
      "高雄站",
      "高雄車站"
    ]
  }
]